Rolando Bavaro nato a milano il 9 settembre 1993.
Figlio di Angelo Giuseppe Bavaro (detto Peppo) e Paola Messa (milano 1965) 
I genitori di Rolando divorziano nel 1996. 
Rolando ha 2 sorelle, Priscilla (7 Febbraio 1984, figlia di Marco Comoglio e Paola Messa) e Matilde (6 Febbraio 2013, figlia di Angelo Giuseppe Bavaro e Gisela Zeller).
Abita a Milano in via uruguay 30 con la sua ragazza e compagna di vita Ilenia Iannone (5 dicembre 1996) figlia di Gregorio e Concetta, Ilenia ha 3 fratelli più grandi di età, Giuseppina detta Giusy, Luigi e Rossella.
Ilenia, lavora come infermiera presso l’ospedale IEO di Milano.
Rolando ha un gatto, Nino un soriano grigio nato nel 2011.
Rolando ha avuto diversi animali nella sua vita, quando era piccolo, Zippy il suo primo gatto,poi  Chanel & Jasime 2 gattine sorelle, Diva il Pitbull di suo padre, Ottilio il jackrussel di mio padre e la sua compagna di vita Gisela.
Rolando ha una fortissima passione per gli animali (come tutta la sua famiglia), da gennaio 2024 si occupa di volontariato presso la colonia felina di Pero.
Rolando ha frequentato diverse scuole a Milano: Scuole elementari - Martin Luther King, Milano, Scuola Media – Matteo Ricci, Milano. 
La prima scuola superiore dove è stato bocciato al licelo linguistico è stato al Istituto Omni comprensivo di Milano, situato in zona Lampug o
La seconda scuola frequentata fu il Besta, frequentando il liceo delle scienze sociali, fino alla 3 superiore dove è stato bocciato. 
Infine Rolando frequenta una scuola di recupero anni (Istituto Meucci) e si diploma privatamente all’Istituto Tecnico Industriale Feltrinelli di Milano, nelle scienze sociali. 
Oltre alla scuola pubblica Rolando ha frequentato altri corsi insensitivi, uno promosso dalla Accademia della Fiera di Milano, specializzandosi nel Marketing e nell’organizzazione degli eventi, successivamente si specializza nel Digital Marketing tramite l’isitituto Digital Coach.
Successivamente Rolando ha ottenuto altre certificazioni negli anni, soprattutto per quanto riguarda il mondo del digital marketing e advertising, ottenendo certificazioni di Google (Campaign Manager, DV360, Google AI, Google ADS) Amazon (Amazon DSP, Amazon ADS) Il Sole 24 Ore (AI Management) e di UPA (Data Scientist)
Le competenze e skills di Rolando sono: l’analisi dei dati, applicare delle strategie basate sul dato, data driven advertising, performance & programmatic adv, Social Media management & content creation, Integrazione tra piattaforme, graphic & web design, HTML, motion graphic, editing video.
avendo lavorato nel mondo degli eventi, sa anche come organizzare una location per un evento (concerto live o evento privato aziendale)
Gli strumenti di lavoro più utilizzati da Rolando sono: la suite di Adobe, DMP, DSP, Python(principalmente librerie per la elaborazione di dati), Wordpress, Joomla, Photoshop, Final Cut, Adobe Illustrator, Adobe After Affects, Excel (avanzato), Powerpoint, Word, Powe BI, Power Query, ProCreate, Tableau, AI  ChatBot come Chat GPT,COPILOT o Gemini.
Rolando ha iniziato a lavorare nel mondo degli eventi come stagista presso l’Aspria Harbour Club di Milano, successivamente trova lavoro in Warner Music come Social Media Analyst. 
Rolando nel 2017 incontra Andrea Scirocco ed insieme decidono di aprire una start up che si occupasse di creazione di eventi e creazione di siti web.
Dopo 3 anni e mezzo di collaborazione con Andrea, fino al raggiungimento di ottenere una licenza proprietaria per poter avere una discoteca (l’agenzia organizzava fino a 5 eventi alla settimana, sia pubblici che privati, sia per persone adulte, sia per ragazzi delle scuole superiori) 
Recuperati qualche migliaio di euro ed una macchina (la sua attuale macchina), Rolando interrompe la sua collaborazione con Andrea per andare a lavorare in Omnicom Media Group, nello specifico nella unit dei servizi digitali Annalect. 
In Annalect, Rolando apprende diverse dinamiche di lavoro presenti in una grande azienda americana, si specializza nel mondo dei Big Data ed entra nella unit “Data & Tech” di Stefano Cervini, coordinata da Sara Bari. 
Rolando è una persona molto ambiziosa, che vuole crescere nel mondo del lavoro per raggiungere alti livelli.
Rolando nella vita ha diverse passioni: l’arte, il disegno, il Gaming,il giardinaggio, la tecnologia, lo sownboard, lo skate board ed il surf (Rolando pratica sport da tavola fin da quando è piccolo) 
Rolando è un appassionato di Gaming console, il suo gioco preferito è Destiny 2 che è uno spara tutto FPS, ma gli piacciono anche giochi fantasy come Halo, Cyber Punk 2077 o TheWithcer 3.
Rolando ha viaggiato molto nella sua vita, a 3 anni ha fatto il giro degli stati uniti con i suoi genitori, ha visitato tutto il nord africa, tranne Marocco e Algeria. Inoltre ha visitato anche Capo Verde. 
Rolando ha trascorso diverso tempo anche Bali, la quale è la sua meta ed isola preferita, addirittura Rolando ha 2 tatuaggi che ricordano l’isola di Bali.
Rolando ha visto inoltre: Germania, Olanda, Inghilterra, Irlanda, Austria, Isole Canarie, isole Baleari, Spagna, Mykons. 
Amsterdam è la città preferità di Rolando. 
Rolando ha 2 cugini: Lorenzo Brambilla ed Eleonora Elisa Brambilla.
A Rolando piacciono le automobili, attualmente guida una Mini Countryman Sport, prima guidava una Audi A3, prima ancora una Hynday Atos. 
A Rolando gli piace la montagna, per anni la sua famiglia ha avuto una casa in Valtellina, vicino all’Aprica (dove ha imparato ad andare sulla tavola da snowboard) sia di inverno con la neve che d’estate per fare trekking. 
A Rolando piace anche il mare, fare snorkeling è una sua passione, attualmente lo pratica nel mare della calabria nella zona compresa tra Catanzaro e Soverato, dove abitano i genitori della sua ragazza Ilenia che lo ospitano tutte le estati. 
Rolando non è un grande appassionato di calcio, ci ha giocato da piccolo fino i 15 anni facendo il portiere, oggi segue sporadicamente qualche partita della sua squadra, che il è AC Milan.
I punti di forza di Rolando sono: l’empatia, la forza di volontà, la creatività, l’innovazione, saper stare su un palco ed una grande capacità logica.
I punti di debolezza: l’umore, l’impulsività, l’attenzione.
Quando è in compagnia di amici Rolando sa come divertisti, gli piace fare festa, andare in discoteca o festival musicali, sa come ingaggiare le persone e farle divertire con lui (ballando, cantanto o facendo altro).
Rolando è una persona estroversa che parla con tutti ed ha piacere nel confrontarsi e conoscere idee altrui.
A Rolando piace molto cucinare, sia piatti semplici  della tradizione italia che piatti più complessi ed elaborati, è molto bravo nella cucina fusion-orientale.
Va matto per le cruditè di pesce e per la tartare di carne.
È un grande amante dei vini, suo nonno sommelier gli ha insegnato come bisogna scegliere, valutare e come servire un vino.
Rolando ha un grande guardaroba di vestiti e scarpe, gli piace lo stile streetwear/skater ma non disdegna anche lo stile classico italiano. Rolando ha 32 paia di scarpe, sneakers ed eleganti.
Rolando è favorevole alle politiche di smartworking aziendali, lo smartworking completo è preferito.
Film preferito di Rolando: Matrix 
Libro preferito: Guida Galattica per Autostoppisti
Rolando è una persona molto spirituale ed introspettive, conosce i principi del buddismo, sa fare reiki, percepisce energie negative e continua a porsi domande su di se. 
Rolando è alto 1.92 cm ed ha il 44.5 di piede, capelli castano scuro.
Rolando preferisce muoversi in città con la macchina, ma se c’è troppo traffico si muove in città tramite i mezzi pubblici.
Rolando ama gli aeroporti e viaggiare in aereo.
Citazione preferita di Rolando “Sii come l’acqua amico mio” di Bruce Lee. 

Creative and Big Data enthusiast, Rolando has a great passion for data analytics and new technologies. By conjugating his creative background and analytics experience, he will give you the best insights about your data. He has a broad experience in digital communication advertising and he is specialized in audience creation and targeting. Rolando first started his career as a web-master for an insurance consulting society based in Milano, but later decided to join the media industry as Data & Technology Specialist in Annalect. His expertise stretches over several different industries, such as events, insurance and coding languages. If you need the best audience for your target ask to Rolando.




Certificazioni di Rolando 

1.	Intelligenza Artificiale - AI, Management e Comunicazione
Sole 24 ORE Formazione - Emissione: giu 2024

2.	AI-Powered Performance Ads Certification
Google - Emissione: mag 2024
ID credenziale 292940986

3.	Google Ads - Measurement Certification
Google - Emissione: ago 2023  Scadenza: ago 2024
ID credenziale 189479364

4.	Season 3 OMEGA Graduate
Amazon - Emissione: mag 2023  Scadenza: mag 2024
ID credenziale 3431085

5.	Amazon DSP Campaigns Certification
Amazon - Emissione: mar 2023  Scadenza: mar 2024
ID credenziale 2140503

6.	Sponsored ads certification
Amazon - Emissione: mar 2023  Scadenza: mar 2024
ID credenziale 2139719

7.	Amazon Advertising Foundations Certification
Amazon - Emissione: ago 2022  Scadenza: ago 2023
ID credenziale 2155396


LINKEDIN DATA

Informazione riguardo a: Causes You Care About.csv
Dati:
       Supported Cause
        Animal Welfare
  Economic Empowerment
           Environment
          Human Rights
Science and Technology
Informazione riguardo a: Certifications.csv
Dati:
                                        Name                                                                                  Url Authority Started On Finished On  License Number
Amazon Advertising Foundations Certification https://learningconsole.amazonadvertising.com/student/award/8jkBZ8pXRqzkrr8NGAjR2sRx    Amazon   Aug 2022    Aug 2023       2155396.0
Intelligenza Artificiale – AI Management e Comunicazione https://www.linkedin.com/in/rolandobavaro/overlay/1720522582900/single-media-viewer?type=IMAGE&profileId=ACoAABSeHm8BtSFbq5Iy7PBL5dqinjHL7DJW2hw&lipi=urn%3Ali%3Apage%3Ad_flagship3_profile_view_base%3BjQ4y65e9TQ27eMsAC%2B4OBQ%3D%3D    Il Sole24ore Formazione   Lug 2024    Aug 2024    
                 Sponsored ads certification https://learningconsole.amazonadvertising.com/student/award/drNZxL347L6RRMG5oDLvDTJR    Amazon   Mar 2023    Mar 2024       2139719.0
          Amazon DSP Campaigns Certification https://learningconsole.amazonadvertising.com/student/award/CTbAmT3xZLbR23qFhowifKvt    Amazon   Mar 2023    Mar 2024       2140503.0
                     Season 3 OMEGA Graduate https://learningconsole.amazonadvertising.com/student/award/knr9qYvSFsiT1yMvAGTNFCWT    Amazon   May 2023    May 2024       3431085.0
      Google Ads - Measurement Certification               https://skillshop.exceedlms.com/student/award/TyN6RbuRs9rjSjFq37rPLwpx    Google   Aug 2023    Aug 2024     189479364.0
Informazione riguardo a: Courses.csv
Dati:
                             Name  Number
Marketing e organizzazione eventi      
                    Digital-Coach      
Informazione riguardo a: Education.csv
Dati:
            School Name  Start Date  End Date                                                                                                                                                                                                                                                                                                                                                                                                                                                                                                                                                                                                                                            Notes                       Degree Name  Activities
 Accademia Fiera Milano        2013      2014                                                                                                                                                                                                                                                                                                                                                                                                           - Events, conferences - trade shows planning - Business English - Integrated Corporate communication - Sales management and customer care - Project works - Strategic and operative marketing - Microsoft Office -Trade shows analysis Organizzazione eventi & marketing          
          Digital-Coach        2014      2015 SOCIAL MEDIA MARKETING FACEBOOK MARKETING LINKEDIN MARKETING DIGITAL PR&COMMUNICATION WORDPRESS YOUTUBE&VIDEO ADVERITSINGSEM\tE DISPLAY ADVERTISING SEO\t(POSIZIONAMENTO\tSUI MOTORI DI RICERCA)\t WEB\tANALYTICS\t MOBILE MARKETING\t\t E-COMMERCE\tSTRATEGIES AND MANAGEMENT\t INBOUND\tMARKETING & LEAD GENERATION\t E-MAIL\tMARKETING\t DIGITAL\tSTRATEGY: WEBSITE\tCREATION & WORDPRESS\t AFFILIATE MARKETING\t LOCATION BASED MARKETING\t E-COMMERCE\tSOFTWARE & MAGENTO\t SEO\tADVANCED\t SEM\tADVANCED\t WEB\tANALYTICS ADVANCED\t NORMATIVA E-COMMERCE\t DIGITAL PR\t WORDPRESS FOR BLOGGING\t\t SEO\tCOPYWRITING\t WEB\tREPUTATION\t\t            Social Media Marketing          
ITIS Feltrinelli Milano        2013      2013                                                                                                                                                                                                                                                                                                                                                                                                                                                                                                                                                                                                                                                                                         
Informazione riguardo a: Email Addresses.csv
Dati:
          Email Address Confirmed Primary       Updated On
rolandobavaro@gmail.com       Yes     Yes 5/22/14, 1:12 AM
Informazione riguardo a: Endorsement_Given_Info.csv
Dati:
       Endorsement Date      Skill Name Endorsee First Name Endorsee Last Name                             Endorsee Public Url Endorsement Status
2021/03/23 09:04:52 UTC      PowerPoint           Benedetta           Siccardi www.linkedin.com/in/benedetta-siccardi-593337a8           ACCEPTED
2021/03/23 09:04:49 UTC Microsoft Excel           Benedetta           Siccardi www.linkedin.com/in/benedetta-siccardi-593337a8           ACCEPTED
2021/03/23 09:04:46 UTC  Microsoft Word           Benedetta           Siccardi www.linkedin.com/in/benedetta-siccardi-593337a8           ACCEPTED
2021/03/23 09:04:43 UTC    Social media           Benedetta           Siccardi www.linkedin.com/in/benedetta-siccardi-593337a8           ACCEPTED
2021/03/23 09:04:40 UTC Gestione eventi           Benedetta           Siccardi www.linkedin.com/in/benedetta-siccardi-593337a8           ACCEPTED
Informazione riguardo a: Endorsement_Received_Info.csv
Dati:
       Endorsement Date         Skill Name Endorser First Name Endorser Last Name                          Endorser Public Url Endorsement Status
2021/03/25 07:14:54 UTC          Marketing             Martina            Fusetti www.linkedin.com/in/martina-fusetti-37b6054a           ACCEPTED
2021/03/25 07:14:46 UTC   Marketing online             Martina            Fusetti www.linkedin.com/in/martina-fusetti-37b6054a           ACCEPTED
2021/03/25 07:14:30 UTC  Digital Marketing             Martina            Fusetti www.linkedin.com/in/martina-fusetti-37b6054a           ACCEPTED
2021/03/25 07:14:26 UTC Marketing digitale             Martina            Fusetti www.linkedin.com/in/martina-fusetti-37b6054a           ACCEPTED
2021/03/25 07:14:21 UTC         Pubblicità             Martina            Fusetti www.linkedin.com/in/martina-fusetti-37b6054a           ACCEPTED
Informazione riguardo a: Events.csv
Dati:
                                                       Event Name                                    Event Time   Status                 External Url
           Distanza_in_stanza | l'evento digitale dal volto umano Mar 13, 2020 04:00 PM - Mar 13, 2020 06:00 PM APPROVED https://distanzainstanza.it/
                                     DIGITAL INNOVATION DAYS 2021 Nov 10, 2021 08:00 AM - Nov 13, 2021 05:30 PM APPROVED                           
Cookie: come adeguarsi alle nuove Linee guida del Garante Privacy Jul 29, 2021 03:00 PM - Jul 29, 2021 04:00 PM APPROVED                           
Informazione riguardo a: Languages.csv
Dati:
    Name                      Proficiency
Italiano  Native or bilingual proficiency
 Inglese Professional working proficiency
Informazione riguardo a: Positions.csv
Dati:
         Company Name                                Title Description                  Location Started On Finished On
             Annalect                          Data & Tech           Milano, Lombardia, Italia   Mar 2019          
             Annalect                      Data specialist           Milano, Lombardia, Italia   Mar 2019          
          Gate Milano             Marketing Communications                      Milano, Italia   May 2017    Mar 2019
WAgency Communication Responsabile comunicazione marketing                      Milano, Italia   Jan 2016    Mar 2019
             EMFgroup                           Web Master                                     Oct 2015    Apr 2016
Informazione riguardo a: Profile.csv
Dati:
First Name Last Name  Maiden Name  Address  Birth Date                                                                    Headline                                                                                                                        Summary             Industry  Zip Code              Geo Location Twitter Handles                                                                   Websites  Instant Messengers
   Rolando    Bavaro                             Data & Technology Specialist | Graphic Design Lover | AI Enthusiast | Gamer Le mie skills sono: Marketing, Comunicazione, Produzione di contenuti digitali, big data, advertising technology e hard gamer  Advertising Services     20151 Milano, Lombardia, Italia [BavaroRolando] [PERSONAL:www.rolandobavaro.eu,PERSONAL:http://rolando-bavaro.branded.me/]                  
Informazione riguardo a: Projects.csv
Dati:
                                Title  Description                                                                                Url Started On  Finished On
Gelatù - Gerratana Reality Show Stage            http://www.inpressufficiostampa.com/2014/06/gerratana-reality-show-stage-2014.html   Jun 2014           
Informazione riguardo a: Recommendations_Received.csv
Dati:
First Name  Last Name   Company                       Job Title                                                                                                                                        Text      Creation Date  Status
    Nicola Sciannameo E.C.Fo.P. Docente di Sostegno / Educatore Una persona capace e volenterosa, con tanta voglia di mettersi in gioco ed estremamente positivo... colui che può darti un valore aggiunto. 05/08/15, 11:41 AM PENDING
     Paola      Messa         Y                 Auditor interno                                                                                                               good results on web managing! 11/14/14, 10:29 AM VISIBLE
Informazione riguardo a: Skills.csv
Dati:
                                          Skills
Strumenti di Intelligenza Artificiale Generativa
                          Analisi di performance
                                Content Strategy
                                Gestione account
                             Pensiero strategico



Pagine Facebook che seguo:
Project Nightfall: lug 11, 2024 7:16:09pm
Private Sport Shop: lug 02, 2024 7:09:01pm
Affelstan: giu 21, 2024 5:29:44pm
Daniel LaBelle: giu 06, 2024 7:35:29pm
Rogerx Louix: giu 05, 2024 11:32:20pm
Paky twc: mag 31, 2024 2:46:20pm
Kamfan: mag 11, 2024 12:52:28pm
La Colonia Degli Orti di Grisù: mag 05, 2024 9:28:07am
Stanza Videoludica: mag 04, 2024 2:53:22pm
zio_billys: mag 02, 2024 9:23:19pm
𝙎𝙚𝙣𝙥𝙖𝙞  アイラ: apr 05, 2024 2:26:10pm
Broke Clothing: feb 03, 2024 10:01:47am
IOxOI: dic 29, 2023 1:43:56pm
Gianluca Giannini: ott 28, 2023 10:00:54am
GameHero: ott 01, 2023 1:57:58am
Venjent: set 30, 2023 12:21:07am
Romanaccio Kille: set 25, 2023 6:59:45pm
Infiltratorosanero: ago 30, 2023 10:03:57am
Quartiere Gallaratese, Lombardia, Italy: lug 18, 2023 8:31:46am
Lorenzo Invernici: apr 25, 2023 11:49:37am
Edmay020: feb 11, 2023 10:52:57pm
Lone Romantic: feb 03, 2023 11:41:50pm
TrueVanguard: gen 28, 2023 12:43:45am
Frankfurter Brett: gen 06, 2023 2:52:20pm
The Chef Michel: nov 16, 2022 11:14:33pm
Chris Cho: ott 24, 2022 11:51:38pm
Trash Bin: ago 30, 2022 10:40:42pm
Destiny Bulletin: ago 21, 2022 12:37:53am
Vi Racconto Viaggi: lug 12, 2022 8:00:13pm
Passione Motori: mag 12, 2022 11:44:29pm
Developing.it Comunicazione e informatica: apr 25, 2022 11:56:33am
FESSURA: apr 22, 2022 1:41:46pm
Yu-gi-oh e Malavita: apr 03, 2022 6:03:55am
SardegnAesthetics: gen 25, 2022 10:49:20am
Tonelli Design: dic 18, 2021 1:50:58pm
Freeland VR: nov 14, 2021 11:24:28pm
Biologicamente: set 07, 2021 10:54:41pm
Feudalesimo e Libertà: giu 06, 2021 4:37:39pm
Outriders Game: mag 12, 2021 8:28:13am
Hawkers Co.: apr 15, 2021 12:36:23pm
Cripto: apr 12, 2021 9:42:55pm
Chefkoch Vincent Kochshow: apr 11, 2021 12:42:20pm
Geopop: mar 25, 2021 7:37:43pm
Vapor Patronus: mar 13, 2021 9:18:25am
Cartoni morti: feb 21, 2021 9:36:52pm
Andrea Lorenzon: gen 24, 2021 6:27:37pm
Il Rappuso: gen 24, 2021 4:34:19pm
Marcellino il Sarto del Panino: gen 20, 2021 8:27:41am
Alessandro Paternò: nov 28, 2020 12:40:41am
Milano Segreta: ott 20, 2020 4:24:38pm
Meglio Legale: ott 18, 2020 10:15:19am
The Hemp Club Milano   THClub: ott 11, 2020 12:07:40pm
L'Italiano medio in Irlanda e UK: set 20, 2020 12:24:36am
La Tertulia: set 18, 2020 1:25:34pm
Buonciolloh - La pagina che destabilizza: set 08, 2020 9:16:51pm
Volkswagen: set 08, 2020 6:01:04pm
Destiny: ago 23, 2020 12:58:48am
Nuova Idea Monaci Rozzano: giu 27, 2020 12:24:05pm
(Z)ZeroCalcare: giu 26, 2020 3:52:31pm
Underpass: mag 01, 2020 3:12:55pm
Indovinelli: apr 10, 2020 2:15:32pm
The Witcher: apr 08, 2020 12:14:49am
Michelle Francine Ngonmo: apr 05, 2020 7:27:32pm
Food Blog: mar 31, 2020 9:13:19pm
6 MeMes 9: mar 17, 2020 7:06:11pm
Il Centro Media di M.: mar 13, 2020 8:27:26am
Heritier Wata: feb 22, 2020 11:05:38pm
UrbanFile: feb 15, 2020 12:31:18am
Uber Eats: feb 11, 2020 10:16:25pm
Fondazione Milan: feb 11, 2020 12:01:48pm
Giardino Dei Visionari: feb 11, 2020 9:38:23am
NerdMovieProducti0ns: feb 07, 2020 9:42:08am
Grafigata: gen 30, 2020 6:22:11pm
OMR: gen 01, 2020 8:56:16pm
Luca sake graphics: dic 21, 2019 4:18:56pm
𝙇𝙞𝙫𝙞𝙣𝙜 𝙞𝙣 2077: dic 17, 2019 6:54:37pm
3lamestudio: nov 21, 2019 7:23:57am
Una pagina su cose: ott 11, 2019 9:09:31pm
Bohemian Cut: ott 02, 2019 8:31:25am
bred.: set 29, 2019 10:23:07pm
Gite In Lombardia: set 26, 2019 7:25:08am
Pokémon: set 24, 2019 1:24:33am
I Hate Coriander: set 17, 2019 9:13:41pm
Ruben Curto: set 16, 2019 9:20:53pm
Huge: set 08, 2019 12:51:47pm
Giuseppi Conte: set 06, 2019 9:46:01pm
7-Second Riddles: ago 25, 2019 9:05:42pm
Exclusive Sports Games Milano: ago 19, 2019 3:04:39pm
Taras Kul: ago 02, 2019 8:18:42pm
Physics Astronomy: lug 25, 2019 8:13:10pm
Senza futuro: lug 25, 2019 9:31:20am
Abolizione del suffragio universale: lug 20, 2019 12:59:04am
Alcolisti Ironici: lug 12, 2019 7:02:47pm
Plastic Free: lug 10, 2019 7:29:34am
Comedy Central IT: lug 04, 2019 8:42:47pm
Andrea Salvaggio: giu 28, 2019 11:32:24am
Sapore di male: giu 18, 2019 7:29:04pm
UNILAD Sound: giu 12, 2019 8:14:11pm
Unnecessary Inventions: giu 03, 2019 10:42:09pm
Vodafone it: mag 24, 2019 5:45:00pm
Love Music Park: mag 24, 2019 9:05:56am
MEL Science: mag 23, 2019 8:18:37pm
Hip Hop Watches: mag 21, 2019 12:46:07pm
ArtSpear Entertainment: mag 20, 2019 8:14:13pm
Il mio viaggio a New York: apr 07, 2019 11:51:02am
Studio professionale dr. Giorgio De Zuani: apr 06, 2019 2:49:51pm
SuperquarkRai: mar 12, 2019 12:41:17am
Disturbati Inconsciamente: feb 25, 2019 8:53:41pm
Meme Tradotti: feb 05, 2019 7:01:30pm
Antonio Veneruso: dic 05, 2018 1:01:43pm
Spiragli di Luce: dic 05, 2018 1:51:54am
AVA: dic 03, 2018 9:32:09pm
Milano Party People: nov 27, 2018 12:49:17pm
Riccardo Trudi Diotallevi Photography: ott 26, 2018 10:02:04pm
ZAP: ott 24, 2018 2:54:16am
Acid Casuals: ott 17, 2018 10:11:40am
Photoshop Surgeon: ott 14, 2018 2:23:06am
Alcatraz - Milano: ott 04, 2018 4:38:37pm
Interscope Records: set 25, 2018 1:41:46pm
Good Morning Jack: set 19, 2018 7:32:36pm
Marta Orlandelli - Aerialist: set 19, 2018 3:33:58pm
Back Mania - Il ritmo degli anni 90/2000: set 16, 2018 7:25:21pm
BODAK: set 07, 2018 6:12:06pm
SARO: set 04, 2018 5:00:05am
Giorgio Prezioso: ago 31, 2018 1:53:29pm
Roberto Pedicini: ago 07, 2018 4:16:44pm
Nerdgasmic: ago 07, 2018 1:50:19pm
Motta C'è: ago 03, 2018 12:45:14pm
CS Palauno: lug 12, 2018 10:57:48am
Domiziano: lug 11, 2018 1:51:58pm
Live Design Magazine: lug 01, 2018 12:16:24am
Pastorizia Never Dies: giu 22, 2018 8:43:59pm
Peeachy: giu 18, 2018 8:12:29pm
Multiverse Italia: giu 02, 2018 1:26:07am
Milano Cafe: mag 29, 2018 4:52:53pm
Eliachesuona: mag 18, 2018 8:35:20pm
Morning Express with Robin Meade: mag 03, 2018 5:17:23am
KUSH ACCB: apr 30, 2018 1:01:42am
Il Club del Vinile: apr 26, 2018 4:00:38pm
Daft Punk Unchained: apr 20, 2018 1:41:09pm
Marcopolo: apr 13, 2018 10:41:56am
Bar BAH: apr 12, 2018 2:27:36am
CAMELPHAT: apr 05, 2018 1:37:12pm
Thoiry: mar 30, 2018 8:12:08pm
SB Bruce - Street Boyz: mar 25, 2018 4:35:57am
Unlocked: mar 23, 2018 8:23:03pm
The Suckerz: feb 28, 2018 9:17:53pm
See More Pets: feb 16, 2018 8:48:36pm
Red Bull Skateboarding: feb 11, 2018 9:14:06pm
Fuori Sync.: gen 30, 2018 10:46:22pm
Rudeejay: gen 28, 2018 4:57:39pm
Hitoro sakuda: gen 23, 2018 7:27:58pm
Foryouinsurance: gen 23, 2018 3:32:26pm
Giorgio Vanni: gen 14, 2018 3:29:48pm
Cloverthree: gen 14, 2018 3:09:50pm
Il laccetto: dic 20, 2017 2:53:29pm
YaBoy TRT: dic 07, 2017 8:25:59pm
ＣｙｂｅｒＮＥＴユートピア: dic 01, 2017 11:50:27pm
Cuor di Mare - Atisale: nov 29, 2017 1:20:23pm
Andrew Fonda: nov 25, 2017 2:12:43pm
Aspria Harbour Club - San Siro, Milano: nov 24, 2017 4:31:29pm
Brock Wild: nov 21, 2017 12:52:14pm
IntrashTtenimento 3.0: nov 05, 2017 4:00:58am
IntrashTtenimento 2.0: nov 05, 2017 4:00:54am
Mike Diva: ott 29, 2017 3:27:08pm
Milano CUBE CLUB: ott 24, 2017 11:08:58am
Lunumbra's Awesome Painted Cards: ott 20, 2017 9:50:13am
Stroma Photos: ott 18, 2017 3:26:09pm
Capo Plaza: ott 17, 2017 10:23:09pm
Marco Basile: set 28, 2017 3:17:41pm
USAI: set 22, 2017 11:51:32pm
HYPELIFE: set 19, 2017 1:56:12pm
Nuova Centro Auto: set 18, 2017 7:23:00pm
Fuerte: set 17, 2017 6:47:28pm
Pablo Cimadevila: set 17, 2017 1:56:03pm
Without Production: set 07, 2017 6:15:52pm
Unparty: set 05, 2017 11:57:16pm
Silvia Slitti Luxury Events: set 01, 2017 1:07:43pm
Strana Guadalajara: ago 30, 2017 2:21:59pm
Milano da Ballare: ago 29, 2017 2:22:54pm
Gate Milano: ago 01, 2017 11:45:36am
Balich Wonder Studio: lug 26, 2017 9:23:00pm
IN THE DARK: lug 25, 2017 9:15:42pm
Il calcio ignorante: lug 24, 2017 8:26:55pm
Hollow Music Park: lug 24, 2017 11:54:13am
Freeda: lug 19, 2017 1:26:31pm
Lol Studio: lug 18, 2017 3:02:19pm
DMC World DJ Championships: lug 08, 2017 10:08:19am
Shining Production: lug 07, 2017 7:40:37pm
D AGENCY: lug 07, 2017 7:02:17pm
Acquaworld: lug 06, 2017 5:40:19pm
Steven Basalari: giu 27, 2017 9:03:36pm
Sugo Design: giu 26, 2017 9:29:22pm
Syria Sorrow: giu 19, 2017 10:19:00pm
WKND: giu 17, 2017 3:37:11pm
GameByte: giu 07, 2017 2:42:27am
Sasà - The King of Mykonos: giu 01, 2017 4:21:25pm
Real Trance family: mag 27, 2017 9:02:31pm
Bni Segrate: mag 27, 2017 10:05:05am
Waves - L'aperitivo sulla riva: mag 25, 2017 3:39:15pm
ALL STAR Milano Cheerleaders: mag 18, 2017 12:59:27am
DAYBREAKER: mag 12, 2017 10:38:05pm
Cielo: mag 12, 2017 10:28:31pm
Taffo Funeral Services: mag 05, 2017 10:25:11pm
Clima Eurotermo: mag 05, 2017 11:22:11am
Voglio andare in Giappone: mag 04, 2017 8:48:28pm
Hiphoptender.com: mag 03, 2017 7:04:08pm
Fifty: apr 29, 2017 11:40:31am
Virgo Music Mgmt: apr 27, 2017 5:08:42pm
ACSOM: apr 26, 2017 11:04:06pm
Joseph's Machines: apr 22, 2017 1:35:22pm
Quelli delle Magliette: apr 20, 2017 10:40:55pm
Timmy Trumpet: apr 20, 2017 6:15:33pm
Cavo Paradiso Mykonos: apr 15, 2017 12:13:54am
Crescenzi & Co.: apr 12, 2017 12:47:14pm
Silvio Sacchi: mar 30, 2017 7:03:05pm
Mastro Mxt: mar 29, 2017 2:09:24pm
Dancefestopia: mar 28, 2017 10:37:13pm
Bassnectar: mar 28, 2017 10:34:53pm
Kodak Black: mar 27, 2017 12:33:13pm
Bresh: mar 27, 2017 12:15:47pm
Excision: mar 24, 2017 7:54:09pm
trenta3giri.com: mar 21, 2017 7:08:55pm
Jack Bonaventura: mar 15, 2017 4:35:28am
I MangiaPolenta: mar 14, 2017 1:54:00pm
Sam Paganini: mar 13, 2017 10:51:37pm
Saludo: mar 12, 2017 9:52:39pm
Dark Meme Gang: mar 06, 2017 12:09:33am
Yamato: mar 05, 2017 4:11:51pm
Chiamarsi MC - Blog: feb 25, 2017 3:16:54pm
2 much Sauce: feb 23, 2017 2:41:07pm
Stileurbano: feb 22, 2017 7:19:54pm
Sick Luke: feb 21, 2017 8:06:09pm
Axos: feb 20, 2017 5:49:32pm
Promocard: feb 15, 2017 12:25:24pm
Vitas: feb 14, 2017 1:39:21am
Insider Design: feb 12, 2017 11:56:03pm
Goldenbeatz: feb 10, 2017 11:22:19am
Audi USA: feb 10, 2017 1:39:12am
Hashtag Music Festival: feb 06, 2017 3:42:18pm
Hï Ibiza: feb 03, 2017 10:05:31pm
Waamoz: gen 31, 2017 9:17:08pm
Lo Stato Sociale: gen 31, 2017 4:05:23pm
CWR Official: gen 31, 2017 11:23:20am
5tate Of Mind: gen 29, 2017 7:16:19pm
Gigi D'Agostino: gen 28, 2017 3:05:13pm
Cha Cha Moon Beach Club: gen 28, 2017 10:57:55am
Another Production: gen 27, 2017 12:38:09pm
Real Talk: gen 27, 2017 11:05:37am
SMACK: gen 26, 2017 5:26:04pm
Molteni Assicurazioni: gen 25, 2017 8:36:42pm
Lebonski Agency: gen 24, 2017 9:39:14pm
Lil Yachty: gen 20, 2017 11:31:21pm
MODì events: gen 19, 2017 11:31:53am
Staff Legend: gen 19, 2017 11:31:36am
Eccellenza Italiana: gen 19, 2017 8:52:54am
2Dutch Music Group: gen 17, 2017 1:37:15pm
Jamil: gen 16, 2017 11:13:38pm
Shire Music Festival: gen 16, 2017 11:11:33pm
FOUR DOMINO: gen 14, 2017 1:44:04pm
Vuoi che muoro?: gen 12, 2017 10:18:09pm
MTV EMA: gen 12, 2017 5:49:20pm
MTV Music: gen 12, 2017 5:49:18pm
MTV News: gen 12, 2017 5:49:15pm
MTV UK: gen 12, 2017 5:49:12pm
Kelvin: gen 12, 2017 12:02:03am
Atlantic Records: gen 11, 2017 4:08:14pm
Atlantic Records UK: gen 11, 2017 4:07:20pm
Filippo Nardi: gen 11, 2017 3:44:42pm
Damien Walters: gen 08, 2017 2:48:21pm
ASAP Mob: gen 04, 2017 3:42:10pm
Seth MacFarlane: gen 01, 2017 11:44:30pm
Zenit Longboards: dic 30, 2016 10:03:04am
Chiamarsi MC tra amici senza apparenti meriti lirici: dic 28, 2016 10:25:41pm
Gemitaiz: dic 20, 2016 8:52:58pm
Krisos Wood: dic 20, 2016 6:48:08pm
Garden Music Festival: dic 19, 2016 5:25:03pm
Sole, Whisky e sei in Pole Position: dic 18, 2016 10:39:00pm
ALFA FUTURE PEOPLE: dic 15, 2016 9:47:32am
Insomniac Events: dic 15, 2016 9:46:48am
RAIGE: dic 14, 2016 8:39:31pm
Highsnobiety: dic 12, 2016 6:37:57pm
Melvin Gregg: dic 11, 2016 4:06:36pm
Mygiftcard Epipoli: dic 08, 2016 10:02:49pm
MARINA KARAMARKO: dic 08, 2016 4:03:26pm
Gian Daniele e Desolina: dic 08, 2016 3:14:09pm
REMI: dic 07, 2016 1:27:24pm
LENNYMENDY: dic 07, 2016 3:32:04am
Chicken Milano: dic 06, 2016 7:24:55pm
JoeyFunboy: dic 05, 2016 12:38:08am
Music on Facebook: dic 04, 2016 11:32:07am
Bello FiGo SWAG: dic 02, 2016 11:00:17am
A-Trak: dic 01, 2016 10:08:24pm
BLVisuals: nov 30, 2016 8:19:05pm
STO Clothing: nov 28, 2016 9:48:46am
Invidia show club: nov 26, 2016 2:16:02pm
Kendrick Lamar: nov 25, 2016 6:40:21pm
DNC Limited: nov 24, 2016 12:54:29pm
Lil' Bunny Sue Roux: nov 17, 2016 8:08:59pm
Shades Of Sound: nov 16, 2016 6:40:31pm
Laioung: nov 09, 2016 8:52:18pm
Andry The Hitmaker: nov 09, 2016 8:51:09pm
Tedua: nov 09, 2016 7:20:30pm
Chris Brown: nov 09, 2016 3:59:55pm
Tory Lanez: nov 06, 2016 3:33:39pm
TINEZ 歯: nov 05, 2016 4:19:12pm
Monsterland Halloween Festival: nov 03, 2016 11:16:55pm
HTC VIVE: nov 01, 2016 2:52:32pm
100% PRESI BENE: ott 30, 2016 9:18:41pm
Rkomi: ott 28, 2016 8:00:25pm
Ghali: ott 28, 2016 7:02:42pm
NERDO: ott 27, 2016 2:33:19pm
Cicli Brambilla: ott 27, 2016 1:08:03pm
Viscosity: ott 25, 2016 10:17:54pm
Electro Jungle: ott 23, 2016 8:54:30pm
Youngr: ott 23, 2016 8:45:24pm
Davide Calabria: ott 23, 2016 12:21:39pm
Alfredo Magni: ott 23, 2016 12:19:55pm
MIDA: ott 21, 2016 12:27:30am
Zoo Lab: ott 20, 2016 8:50:44pm
Melkweg Amsterdam: ott 19, 2016 11:42:21pm
GET FAR: ott 19, 2016 2:49:58pm
Awakenings: ott 17, 2016 9:46:40am
Dance 88/89: ott 16, 2016 4:30:57pm
the JackaL: ott 16, 2016 1:00:08pm
MIT Media Lab: ott 15, 2016 2:15:58am
Bugs and Science: ott 13, 2016 10:01:27am
BEATOFLIFE: ott 11, 2016 12:29:28pm
Justin Johnson: ott 10, 2016 4:59:41pm
Chinx Drugz: ott 08, 2016 9:30:18pm
Animalier: ott 08, 2016 3:16:22pm
Lord Of The Isles: ott 07, 2016 5:51:02pm
Photoshop Lovers: ott 07, 2016 10:05:48am
Digital Design Days: ott 05, 2016 10:14:14am
nametests.com italiano: ott 02, 2016 10:30:39am
Fedez: set 30, 2016 9:19:37pm
Premium Shitposting: set 28, 2016 10:51:28pm
Merk & Kremont: set 28, 2016 8:35:44pm
Humandroid: set 23, 2016 8:50:39pm
Mi sento Maalox: set 22, 2016 7:28:15pm
AWD AGENCY: set 22, 2016 6:58:41pm
Excelsior Milano: set 22, 2016 10:29:39am
Fake Off Italia: set 21, 2016 10:44:20pm
ASM-Assoartisti Confesercenti: Artisti di Strada a Milano: set 21, 2016 2:32:30pm
Lorenzo Mazzoni: set 19, 2016 2:04:46pm
Bar Magenta: set 17, 2016 3:36:47pm
FFFlyer: set 16, 2016 5:17:08pm
Dussk Design: set 16, 2016 2:29:43pm
MoJo Night: set 14, 2016 12:27:05pm
Guerilla Crew: set 13, 2016 4:29:48pm
Barong Family: set 11, 2016 12:10:53am
Escape: set 09, 2016 12:16:13pm
Monsterland Milano: set 06, 2016 3:31:04pm
NUL: set 05, 2016 2:28:41pm
Cresciuti a pane, calcio & ignoranza: set 04, 2016 3:07:51pm
START: set 03, 2016 9:53:23pm
Monstercat: set 03, 2016 5:40:03pm
Disclosure: ago 30, 2016 12:05:29am
Circoloco: ago 30, 2016 12:03:07am
King Bach: ago 29, 2016 9:30:43pm
Logan Paul: ago 29, 2016 9:29:06pm
elrow: ago 29, 2016 2:02:05am
Gigio Donnarumma: ago 22, 2016 9:14:06am
Yes Agency Artist: ago 19, 2016 8:32:03pm
Len Faki: ago 03, 2016 3:56:59pm
Nicole Moudaber: ago 01, 2016 4:50:50am
NEVERDOGS: lug 30, 2016 3:33:38pm
Konsta Punkka Wildlife Photography: lug 24, 2016 1:39:41pm
DIE ANTWOORD: lug 23, 2016 10:23:16am
Flashmob: lug 23, 2016 10:17:32am
Paradise Official: lug 23, 2016 2:00:51am
Jamie Jones: lug 23, 2016 1:56:12am
Eventi Agosto Gallipoli Salento: lug 22, 2016 12:23:31am
Er ist wieder da: lug 20, 2016 4:57:49pm
Blue Flame Agency: lug 19, 2016 11:50:32am
Modernity Events: lug 18, 2016 12:25:01pm
Ultra Music Festival: lug 16, 2016 8:18:42pm
Resistance: lug 16, 2016 8:18:38pm
PokémonItalianInfo: lug 16, 2016 6:18:25pm
News from Science: lug 16, 2016 12:47:30pm
The Unknown; But Not Hidden: lug 16, 2016 12:47:23pm
PGGHY: lug 15, 2016 6:23:43pm
EDM Thrones: lug 14, 2016 7:16:55pm
Abysswalker: lug 12, 2016 7:51:20pm
Freepsdflyer: lug 12, 2016 10:49:15am
Cease Gunz: lug 11, 2016 3:27:36pm
Patrick Topping: lug 10, 2016 3:53:49pm
Waxlife: lug 10, 2016 3:22:28pm
HOME FESTIVAL: lug 10, 2016 12:32:23pm
HUGEL: lug 10, 2016 12:30:13pm
Boiler Room: lug 09, 2016 4:22:29pm
Luca Testa: lug 09, 2016 3:16:42pm
Objects.: lug 09, 2016 3:14:43pm
All Things Live Sweden: lug 09, 2016 12:12:22am
ANGEMI: lug 05, 2016 9:40:53am
BERRY: lug 05, 2016 9:40:18am
Graziano Pellè: lug 04, 2016 3:07:04pm
Axtone: lug 03, 2016 1:17:39pm
Be-At TV: lug 02, 2016 6:57:32pm
Marco D'Amore: lug 02, 2016 1:22:52pm
In Forma Con Emilozio: lug 01, 2016 10:58:05pm
Pasquale Rotella: giu 30, 2016 9:33:23pm
Stepp: giu 29, 2016 3:33:03pm
Mennie: giu 29, 2016 3:32:50pm
Defqon.1: giu 28, 2016 9:59:58pm
Just A Mood: giu 28, 2016 6:22:25pm
Adapter: giu 28, 2016 6:17:45pm
première: giu 27, 2016 6:51:59pm
Rio Grande Barbecue: giu 25, 2016 6:11:17pm
Unconventional Events: giu 25, 2016 12:04:32am
HIP HOP TV Italy: giu 24, 2016 12:39:20am
Università Cattolica del Sacro Cuore: giu 23, 2016 1:00:39am
Università degli Studi di Milano-Bicocca: giu 23, 2016 12:59:42am
Università Bocconi: giu 23, 2016 12:59:16am
Spotted: Bocconi Milano: giu 23, 2016 12:59:15am
Panda Funk: giu 22, 2016 9:54:05am
Cartel Recordings: giu 21, 2016 1:52:18pm
Tigerlily: giu 18, 2016 10:32:51am
Sebastian Gazzarrini: giu 18, 2016 10:31:14am
Fabio Rovazzi: giu 18, 2016 10:27:55am
MilanoVino Distribuzione: giu 18, 2016 12:48:30am
Mad about Design: giu 18, 2016 12:42:38am
Waveshape: giu 15, 2016 3:05:09pm
Albertino: giu 13, 2016 3:53:42pm
Vivino: giu 13, 2016 1:28:36pm
PARKLIFE FESTIVAL: giu 13, 2016 9:46:01am
Milano Città Stato: giu 11, 2016 11:06:02pm
Redoxx: giu 11, 2016 6:21:27pm
Wineoclock: giu 11, 2016 12:45:02am
DIYNAMIC MUSIC: giu 10, 2016 10:48:13am
Cocoon: giu 10, 2016 10:23:41am
Santé: giu 10, 2016 10:23:35am
Dale Howard: giu 10, 2016 10:23:34am
Josh Butler: giu 10, 2016 10:23:26am
Sidney Charles: giu 10, 2016 10:23:21am
Hot Since 82: giu 10, 2016 10:23:17am
Knee Deep In Sound: giu 10, 2016 10:23:09am
Francisco Allendes: giu 09, 2016 10:29:23pm
FABIO NEURAL: giu 09, 2016 5:03:07pm
Julien Sandre: giu 09, 2016 4:57:41pm
Di Chiara Brothers: giu 09, 2016 11:07:35am
Holi Dance Festival: giu 08, 2016 11:31:16pm
111%: giu 08, 2016 10:49:12pm
Lista Zanetti: giu 08, 2016 10:55:49am
Groove Cartel: giu 05, 2016 4:51:19pm
TeachTalents: giu 04, 2016 4:21:41pm
Stefano Parisi: giu 03, 2016 11:12:41am
MoreSides.: giu 01, 2016 4:59:27pm
SOUNDKILLERS: giu 01, 2016 10:26:25am
Smoothies Party: mag 31, 2016 3:17:43pm
Metropole Talent: mag 27, 2016 12:15:47am
Gel Abril: mag 27, 2016 12:14:21am
Tuccillo: mag 27, 2016 12:13:50am
Il Superuovo: mag 25, 2016 10:20:51pm
Andrea Ilardo: mag 23, 2016 10:47:34pm
Ruben Mandolini: mag 20, 2016 3:33:35pm
KING'S: mag 20, 2016 9:46:05am
Rudimental: mag 19, 2016 2:51:27am
fabriclondon: mag 17, 2016 11:48:40pm
Rancy graphics: mag 17, 2016 10:22:56pm
Tipografia: mag 17, 2016 11:05:51am
Kryder: mag 15, 2016 1:06:50am
Trvpgxng: mag 14, 2016 12:14:31pm
LL COOL J: mag 12, 2016 12:09:10pm
embassy-artists: mag 11, 2016 5:19:12pm
Middle Hip Hop Party: mag 11, 2016 11:46:57am
Social Media Minute with Jan Rezab: mag 09, 2016 10:11:45pm
Art & Architecture: mag 08, 2016 5:57:40pm
DROP: mag 08, 2016 10:54:22am
Mogwai: mag 05, 2016 8:40:18pm
Urban Renewal Department: mag 03, 2016 2:58:29pm
SCIENCEbible: mag 02, 2016 8:27:07pm
SPECTRUM: mag 01, 2016 6:44:09pm
Elephunk: mag 01, 2016 10:42:49am
Gaming Memories: apr 30, 2016 11:46:20am
Tobe: apr 29, 2016 3:54:06pm
Beerlà: apr 27, 2016 11:50:30am
Aperitivi A Milano: apr 26, 2016 9:17:44pm
New York Lounge Milano: apr 23, 2016 2:08:03pm
Angel Di María: apr 23, 2016 12:11:14pm
Holi Colours Festival Biella: apr 22, 2016 11:54:14am
Fucking Beach: apr 21, 2016 5:53:35pm
Dario Rossi: apr 21, 2016 3:07:43pm
DLYNR: apr 20, 2016 6:57:29pm
Salvatore Esposito: apr 20, 2016 6:39:22pm
CNC Media: apr 20, 2016 12:26:20am
Tony IPants: apr 18, 2016 11:26:00pm
Achille Lauro: apr 17, 2016 1:25:42pm
Hardcore Il Film: apr 16, 2016 11:24:04pm
Coachella: apr 16, 2016 10:22:20am
EDM Italy: apr 15, 2016 1:38:50pm
SIAE: apr 14, 2016 11:36:48pm
COCO Produzioni: apr 14, 2016 7:29:09pm
Milanoindiscoteca.it: apr 13, 2016 3:11:50pm
We Love The 90s: apr 08, 2016 8:19:27pm
UNREEL: apr 08, 2016 7:14:22pm
Deejay SlaiT: apr 04, 2016 7:56:21pm
Marcelo Burlon County of Milan: apr 03, 2016 1:21:08pm
David Guetta: mar 30, 2016 11:07:10pm
Imperial: mar 29, 2016 5:39:36pm
Neverland: mar 29, 2016 5:39:27pm
Glauco Ghelardoni: mar 29, 2016 5:16:57pm
Mac Mac Agency: mar 27, 2016 11:55:49pm
Batman v Superman: mar 26, 2016 1:34:39pm
IZI: mar 26, 2016 12:45:40am
ticketfor.it: mar 25, 2016 6:07:04pm
Alesso: mar 24, 2016 8:03:57pm
MilanoEvents.it: mar 22, 2016 4:49:41pm
Chiamarsi "Dottore" tra colleghi senza apparenti meriti accademici: mar 21, 2016 10:11:02pm
Topsify: mar 21, 2016 6:57:10pm
Elegant Themes: mar 17, 2016 3:48:18pm
Noisey: mar 17, 2016 3:10:29pm
THAURUS: mar 17, 2016 1:55:15pm
Zeta - Il film: mar 17, 2016 12:19:47pm
Billionaire Boys Club: mar 14, 2016 8:49:07pm
Smoothies: mar 13, 2016 4:26:33pm
Rewind: mar 12, 2016 2:10:15am
Bearded Science Guy: mar 11, 2016 6:09:02pm
Marvel: mar 10, 2016 10:19:55pm
Overwatch: mar 09, 2016 9:34:55pm
Distretto Industriale 4: mar 09, 2016 6:58:25pm
L'ipnotico gesticolare di Alberto Alby Angela: mar 06, 2016 7:52:06pm
JETFIRE: mar 03, 2016 11:31:16am
Will Sparks: mar 03, 2016 8:47:32am
Marracash: mar 02, 2016 8:53:00pm
Nitro Wilson: mar 02, 2016 8:50:49pm
Cool 3D World: mar 01, 2016 7:52:40pm
Neklaz: mar 01, 2016 6:16:57pm
Time Records: mar 01, 2016 6:15:56pm
Bitch Events: mar 01, 2016 5:48:07pm
PIANO B: mar 01, 2016 5:44:37pm
Disclame: mar 01, 2016 11:04:09am
Nameless Festival: feb 28, 2016 2:23:28am
Leicester City Football Club: feb 24, 2016 4:42:05pm
Lercio: feb 24, 2016 4:41:50pm
internationalweek: feb 23, 2016 2:16:56pm
father.io: feb 22, 2016 8:57:15pm
JW - Just Wine: feb 22, 2016 2:21:02pm
Tophost: feb 22, 2016 11:43:32am
Hollywood - Milano: feb 22, 2016 9:21:31am
Superculture: feb 20, 2016 9:15:05pm
Take it Easy: feb 20, 2016 2:53:14pm
Caprices: feb 20, 2016 9:43:49am
DR COMMODORE: feb 19, 2016 10:03:37pm
Digital Cafè: feb 19, 2016 9:55:42pm
The Voice of Italy: feb 19, 2016 5:46:11pm
TÜRKMENİSTAN: feb 18, 2016 4:16:08pm
Mentire di fronte alle spunte blu: feb 18, 2016 2:18:33pm
CSS Hero: feb 17, 2016 10:33:18pm
Social Anxiety Disorder Memes: feb 16, 2016 7:09:18pm
Bang & Olufsen: feb 13, 2016 10:27:39pm
LEGO: feb 13, 2016 7:31:42pm
Festival di Sanremo: feb 11, 2016 8:40:01pm
Ezio Bosso: feb 11, 2016 9:20:22am
Il Testimone MTV: feb 10, 2016 10:05:00pm
PIF: feb 10, 2016 10:04:55pm
FUORISALMONE: feb 10, 2016 10:43:45am
FIMI - Federazione Industria Musicale Italiana: feb 09, 2016 7:04:58pm
TARGAMY: feb 06, 2016 5:56:20pm
ICE Milano: feb 05, 2016 5:49:02pm
Alberto Gobbi Events: feb 04, 2016 5:28:44pm
Keglevich Vodka Italia: feb 04, 2016 10:25:46am
Dirty Mondays: feb 04, 2016 10:25:42am
Communic'Art: feb 04, 2016 10:25:38am
Milano Stanze .it: feb 04, 2016 10:25:32am
Andrea Pellizzari: feb 04, 2016 10:25:22am
Inside - Milano: feb 03, 2016 11:09:53am
TOO LONG: feb 01, 2016 3:34:30pm
Fatture in Cloud.it: feb 01, 2016 2:18:03pm
Cose Molto Strane: gen 31, 2016 6:09:05pm
Loot Crate: gen 30, 2016 2:48:20pm
WeBBasic: gen 30, 2016 2:46:41pm
WAgency Production: gen 25, 2016 5:06:11pm
Milano in Festa di Ugo Dalla Pria: gen 23, 2016 11:37:11am
Tutored: gen 23, 2016 2:17:10am
Streetfood Italia: gen 22, 2016 3:30:22pm
Buongiorno Street Food: gen 22, 2016 3:30:16pm
TRASHICK: gen 22, 2016 1:12:20pm
OAM - Organismo degli Agenti e dei Mediatori FORUM: gen 22, 2016 10:13:13am
Gocciole: gen 21, 2016 10:41:20pm
Baby George ti piscia in testa con amore: gen 21, 2016 9:36:01pm
Chupa Chups: gen 21, 2016 12:01:55am
Bonnaroo Music and Arts Festival: gen 20, 2016 9:15:43am
Steezburger: gen 19, 2016 9:38:21pm
Billboard: gen 19, 2016 8:14:47pm
Sosumi Records: gen 19, 2016 8:05:32pm
Visual Composer: gen 19, 2016 8:41:07am
GAMINGbible: gen 14, 2016 10:44:38pm
Tasty UK: gen 13, 2016 7:36:18pm
WERO Eventi: gen 13, 2016 8:44:43am
Someecards: gen 12, 2016 9:48:58pm
Your EDM: gen 12, 2016 5:31:27pm
Ultra Records: gen 12, 2016 5:31:25pm
Global Dance Electronic: gen 12, 2016 5:31:23pm
Dancing Astronaut: gen 12, 2016 5:31:14pm
Trap City: gen 12, 2016 5:20:10pm
Dom Pérignon: gen 09, 2016 12:40:00am
ViralHog: gen 08, 2016 8:43:04pm
Lo Sbocciatore: gen 02, 2016 9:32:38pm
Marco Monty Montemagno: dic 20, 2015 11:31:55am
Non sono bello ma spaccio: dic 18, 2015 8:33:08am
L'ignorantità della gente: dic 18, 2015 8:30:31am
Videos 360: dic 12, 2015 9:58:08pm
People Are Awesome: dic 12, 2015 7:41:11pm
Nocoldiz: dic 12, 2015 11:48:25am
PLTV: dic 11, 2015 5:47:15pm
EDM.com: dic 10, 2015 10:51:50pm
ABDUL - the original: dic 09, 2015 9:14:14pm
ROLI: dic 05, 2015 11:56:10am
Decadentismo alcolico e altre voluttà: dic 05, 2015 11:30:51am
GiveMeSport: dic 04, 2015 9:29:33pm
Massimo Ambrosini: dic 03, 2015 10:31:06pm
Beast: nov 29, 2015 12:39:50am
Radio Rooftop Milan: nov 28, 2015 8:35:53pm
Tipsy Bartender: nov 28, 2015 5:38:02pm
Il social media manager di merda: nov 28, 2015 2:40:58pm
Universal Music Italia: nov 28, 2015 12:48:05am
The best Memes and VIDs: nov 23, 2015 8:54:57am
Fear and Loathing in Las Vegas Fans: nov 21, 2015 11:04:58am
The Tonight Show Starring Jimmy Fallon: nov 21, 2015 10:56:59am
Timberland: nov 18, 2015 1:05:30pm
The Penguin Industry: nov 02, 2015 11:05:12pm
SHADE: nov 02, 2015 10:01:21pm
The Dots: ott 30, 2015 7:49:49pm
Vivo Concerti: ott 27, 2015 10:50:29pm
Streetdog Foundation: ott 21, 2015 9:44:32am
MiddleFinger Crew: ott 18, 2015 12:24:25am
E anche oggi si rimorchia domani: ott 16, 2015 4:13:26pm
Commenti Memorabili: ott 16, 2015 4:04:13pm
Worldstar Hip Hop: ott 16, 2015 4:03:04pm
BOOM. Friendzoned.: ott 16, 2015 3:29:30pm
Moniak: ott 13, 2015 10:08:31am
ღஐღ Una Finestra Sul Giardino ღஐღ: ott 07, 2015 2:25:17pm
Google: ott 03, 2015 12:15:46am
Google Ads: ott 02, 2015 12:37:58am
We Are Social: set 29, 2015 5:37:38pm
Laura Pausini: set 28, 2015 5:35:18pm
La Crisi di Luglio: set 28, 2015 1:25:58pm
Netflix: set 28, 2015 11:35:48am
Warner Chappell Music Italiana: set 25, 2015 12:43:40pm
Warner Music Group: set 25, 2015 11:33:50am
Bavaro beach, Punta Cana, Dominican Republic: set 17, 2015 7:34:47pm
MOOD: set 17, 2015 3:34:55pm
"I Ministri": set 17, 2015 11:51:59am
Zootropio: set 16, 2015 4:41:00pm
Måns Zelmerlöw Italia: set 16, 2015 4:30:38pm
Dj Osso: set 16, 2015 12:01:35pm
Wix: set 08, 2015 3:22:33pm
HowToBasic: set 08, 2015 2:38:39pm
Crep Protect: set 08, 2015 1:41:58pm
Claudio Cecchetto: set 06, 2015 12:28:36pm
Festival-dipendenti: set 05, 2015 4:48:04pm
Città di Carta: set 04, 2015 9:01:06am
MARCIA: set 03, 2015 10:20:32pm
The Starter Pack: ago 31, 2015 4:46:35pm
Michael Calfan: ago 31, 2015 9:23:04am
Luiz Adriano: ago 30, 2015 11:21:10am
The Arcs: ago 28, 2015 1:02:41pm
Radio Italia: ago 28, 2015 12:07:23pm
Together Music Festival: ago 27, 2015 11:26:43am
Heartthrob: ago 27, 2015 9:23:45am
LUXURYDESIGN: ago 26, 2015 1:03:04pm
Jess Glynne: ago 26, 2015 10:09:01am
Tinie: ago 26, 2015 10:08:56am
TOKYO ELEMENT STORE: ago 25, 2015 8:37:44pm
ALEX RUBIA: ago 25, 2015 4:45:47pm
Ignazio Abate: ago 24, 2015 7:21:31pm
Fred De Palma: ago 24, 2015 10:16:29am
Cinesate tarocchissime: ago 22, 2015 9:10:28pm
Photoleap by Lightricks: ago 19, 2015 12:19:14pm
The Griffin's World: ago 15, 2015 3:29:12am
Super Club: ago 15, 2015 2:19:15am
Ah ma è Salvini: ago 01, 2015 5:50:30pm
Jason Derulo: lug 30, 2015 9:00:50am
Ed Sheeran: lug 30, 2015 9:00:26am
Lorenzo Fragola: lug 28, 2015 9:35:52pm
Sagra becco pelo lungo: lug 28, 2015 6:17:55pm
Radio Deejay: lug 28, 2015 9:49:26am
Robin Schulz: lug 22, 2015 4:58:44pm
Keyboard Cat: lug 18, 2015 6:03:08pm
Intuit Mailchimp: lug 18, 2015 5:58:37pm
Lo Spostapoveri: lug 18, 2015 10:25:32am
Spotify: lug 14, 2015 3:07:01pm
Milano Fanpage.it: lug 13, 2015 2:09:44pm
Maxibon Italia: lug 13, 2015 2:05:57pm
Jack Ü: lug 04, 2015 11:45:00am
La Startup di M: lug 02, 2015 9:18:37am
Sony Music Italy: giu 25, 2015 6:51:59pm
Benji & Fede: giu 24, 2015 2:32:20pm
Sagra del becco - pêlö lûngö: giu 23, 2015 9:02:48pm
Luis Quiles Artworks: giu 14, 2015 11:15:42am
Ciuffi Rossi: giu 11, 2015 8:34:42am
BUA BAND Ultras Avellino: giu 03, 2015 5:58:30pm
GoPro: giu 02, 2015 10:22:43pm
Nutella: giu 02, 2015 5:03:04am
Cornetto: mag 28, 2015 10:32:19am
LifeGate: mag 19, 2015 7:25:50pm
Major Lazer Italia: mag 18, 2015 3:38:10pm
Polifamous Tattoo Atelier: mag 18, 2015 3:36:59pm
Major Lazer: mag 06, 2015 5:11:23pm
FDNF: mag 06, 2015 12:56:18pm
FC Bayern München: apr 21, 2015 7:09:14am
Edo Premoli: apr 09, 2015 9:19:19pm
David Guetta Italy: apr 09, 2015 8:59:43am
X 96.3 FM: apr 03, 2015 10:01:58am
Valle dei Mulini Grag o  e non: apr 03, 2015 9:57:10am
ELISA SANNA: apr 01, 2015 7:17:25pm
Annalisa: apr 01, 2015 8:25:33am
Quelli Che: mar 31, 2015 12:52:26pm
Becero Populismo: mar 30, 2015 8:44:41pm
Iris: mar 30, 2015 8:28:14pm
I fatti mi danno ragione ed io do ragione ai fatti.: mar 30, 2015 8:50:50am
XILLA: mar 29, 2015 11:22:48pm
La Pitti records: mar 26, 2015 1:01:18am
Pino La Lavatrice: mar 25, 2015 6:42:28pm
Warner Music Italy: mar 25, 2015 5:03:50pm
Fabiosa Digest: mar 23, 2015 11:40:47pm
The Knockout: mar 23, 2015 2:56:28pm
Plastimake: mar 22, 2015 10:11:21pm
Kinder Bueno: mar 20, 2015 12:24:01pm
Meta for Business: mar 16, 2015 2:52:06am
La scogliera 2 sorelle: mar 15, 2015 2:43:17pm
La Fabbrica della Pasta di Grag o: mar 14, 2015 9:50:36pm
Deepdrive: mar 14, 2015 1:47:01pm
For Good's Sake: mar 13, 2015 8:48:07pm
Inside Marketing: mar 11, 2015 6:16:49pm
Operation Payback ITA: mar 09, 2015 9:09:26am
Monkey Cocktail Bar: mar 07, 2015 4:12:47pm
Wdonna.it: mar 04, 2015 2:04:04pm
Siti Web / SEO / Social Media Marketing: feb 27, 2015 10:04:48am
SocialDix: feb 15, 2015 6:38:16pm
Goal Italia: feb 14, 2015 10:55:55pm
Demotivato mollo ma che mollo: feb 13, 2015 5:29:54pm
AngryDad: feb 06, 2015 10:26:12pm
CheDonna.it: feb 06, 2015 1:38:16pm
Ma che cazzo vuoi sgrammaticato di merda: feb 04, 2015 12:26:52pm
Culturit: gen 30, 2015 8:28:18pm
Hockey Club Milano Bears: gen 30, 2015 2:34:49pm
Milano Saima Rossoblu: gen 30, 2015 2:34:32pm
The FabLab: Make it real: gen 28, 2015 9:47:37pm
Conio Tattoo Artist: gen 27, 2015 9:38:39am
Dans Ta Pub: gen 23, 2015 8:08:58pm
Sneaker Maniac: gen 23, 2015 12:28:20pm
Video del Tubo: gen 23, 2015 12:27:07am
FACTSlides.com: gen 19, 2015 1:10:58pm
Senza calcio non è vita: gen 17, 2015 9:07:28pm
Turismo in Calabria: gen 17, 2015 8:38:04pm
Timecode Film: gen 16, 2015 11:03:05am
Federico Clapis: gen 15, 2015 10:12:21am
Armaros Mentalista: gen 13, 2015 1:52:35pm
Federico Gardenghi: gen 10, 2015 4:52:51pm
Jenus: gen 08, 2015 10:54:01am
Il Pancio: gen 07, 2015 8:44:10pm
Radio Capital: gen 07, 2015 3:54:14pm
TML: gen 07, 2015 2:30:10pm
Milanlive.it: gen 06, 2015 12:00:26pm
Look Inside You - Blog: gen 04, 2015 12:44:37pm
Letture Fantastiche: gen 04, 2015 12:16:39pm
Make My Day: gen 04, 2015 12:13:05pm
Follie di Fimo: "the fimo's laboratory": gen 03, 2015 4:28:28pm
Contest  MUSIC TV LIVE -Concorso Discografico: gen 02, 2015 6:39:09pm
The Crystal Music Project: gen 02, 2015 5:51:54pm
Rush Pharma: gen 02, 2015 5:31:44pm
"RamenCosplay": gen 02, 2015 2:59:09pm
Stati aiutiamoci a volontà ツ: gen 02, 2015 2:58:44pm
Jack & Jin: gen 02, 2015 2:58:34pm
Ermes Zone: gen 02, 2015 2:58:25pm
Emiravage's Blog: gen 02, 2015 2:58:13pm
HDstudio: gen 02, 2015 2:04:00pm
Laura Cammareri: gen 02, 2015 2:03:03pm
Berlusconeee: dic 27, 2014 3:56:58pm
calciatoribrutti.live: dic 23, 2014 6:45:53pm
Dorkly: dic 23, 2014 12:49:14pm
Certified Mental Coach Italia: dic 23, 2014 12:09:37pm
Diego López: dic 22, 2014 10:49:57am
89.7 Bay: dic 21, 2014 1:23:30pm
Franco Trentalance - Quello Vero: dic 19, 2014 3:49:09pm
Wired Italia: dic 13, 2014 8:59:38pm
The Lifestyle.: dic 13, 2014 5:00:22pm
Giovanni Gambardella: dic 13, 2014 3:43:04pm
Pandemico: dic 12, 2014 12:47:47pm
CollegeHumor: dic 12, 2014 12:45:38pm
Spi0n: dic 11, 2014 8:44:53pm
L'umorismo di Piton: dic 10, 2014 8:57:39pm
Notizie dell'altro Mondo!: dic 09, 2014 8:42:40pm
AdEspresso: dic 03, 2014 11:54:16am
Marcello Barenghi - Illustrator: dic 02, 2014 7:30:01pm
LADbible: dic 01, 2014 1:06:03pm
9GAG: dic 01, 2014 1:05:58pm
Charlie Sheen: dic 01, 2014 1:05:45pm
Dwayne The Rock Johnson: dic 01, 2014 1:05:29pm
Dan Bilzerian: dic 01, 2014 1:05:23pm
Samantha Cristoforetti: nov 29, 2014 12:33:05pm
Io odio il rap fatto ammerda.: nov 28, 2014 12:57:48pm
Arch2O: nov 27, 2014 10:57:56am
Metroman: nov 26, 2014 10:27:21pm
Mash Machine Italia: nov 24, 2014 10:03:33pm
Essere credibili come la D'Amico quando da del lei a Buffon: nov 24, 2014 10:02:31pm
Movimento 5 Litri: nov 22, 2014 1:04:04pm
Digital-Coach.it: nov 19, 2014 8:31:46pm
International Digital Marketing & Social Media: nov 09, 2014 9:30:29pm
NASA - National Aeronautics and Space Administration: nov 08, 2014 3:54:49pm
Maurizio Valente: nov 03, 2014 6:48:00pm
Curiosone: nov 02, 2014 6:15:58pm
Cowboy Henk: ott 29, 2014 6:47:37pm
Una vita da social: ott 16, 2014 3:56:51pm
Scuola Elementare Martin Luther King: ott 13, 2014 8:35:01pm
Aspria Fitness: ott 13, 2014 5:39:03pm
Stab Magazine: ott 13, 2014 2:14:10pm
Le Giappominkiate Degli Anime: ott 13, 2014 1:52:47pm
iPantellas: ott 13, 2014 1:11:41pm
Risposte dei Romani alla Minaccia ISIS: ott 12, 2014 8:45:03pm
SPORTbible: ott 11, 2014 7:55:46pm
Steve-O: ott 04, 2014 1:55:37pm
TPI: set 30, 2014 9:05:21pm
Ma che cazzo vuoi vegano di merda: set 30, 2014 1:50:22pm
Animal House Giovinazzo: set 27, 2014 6:05:51pm
Farsi i selfie col profeta coppa: set 27, 2014 3:57:04pm
Psicofarmaci e tegolini con l'uomo gatto di sarabanda: set 26, 2014 7:54:49pm
Red Bull Events: set 26, 2014 11:33:13am
Agrodolce: set 23, 2014 7:14:12pm
Svegliarsi consapevoli di essere numeri 2 perché esiste Umberto Smaila.: set 23, 2014 1:17:27pm
adidas Football: set 20, 2014 3:14:36pm
E-motionpictures: set 18, 2014 6:23:48pm
Sky Sport: set 15, 2014 1:31:25pm
theShow: set 14, 2014 8:30:10pm
11clubroom: set 14, 2014 1:41:28pm
SardegnAesthetics: set 10, 2014 8:43:30pm
Gordon Ramsay: set 07, 2014 11:24:52am
Fer do 9 Torres: set 03, 2014 8:45:34pm
Danilo Gallinari: set 02, 2014 5:46:12pm
Zach King: ago 28, 2014 7:11:23pm
Eataly: ago 26, 2014 8:59:13pm
Quel che non sapevi: ago 16, 2014 8:37:25pm
Mega Photo App: ago 10, 2014 8:35:04pm
Real Madrid C.F.: ago 07, 2014 7:13:01pm
Urban Dictionary: ago 01, 2014 4:30:03pm
BuzzFeed Video: lug 25, 2014 6:13:45pm
Daniele Doesn't Matter: lug 17, 2014 3:21:27pm
Ciro Immobile: lug 16, 2014 1:47:22pm
Quelli che vanno ad ubriacarsi già ubriachi: lug 13, 2014 1:43:14pm
10 VolteMeglio: lug 13, 2014 1:42:39pm
VAL D'OCA: lug 07, 2014 6:49:03pm
Pierluigi Pardo: lug 05, 2014 5:10:08pm
Caffè Barbera / Pagina ufficiale: lug 04, 2014 4:00:28pm
Inpress events & communication: lug 03, 2014 4:49:01pm
Delinquenti prestati al mondo del pallone: lug 03, 2014 11:49:52am
MBIGFamily MBF: lug 02, 2014 3:05:45pm
Olimpia Milano: giu 28, 2014 1:59:33pm
Squilibrati Mentali: giu 25, 2014 9:17:57pm
Joan Cornellà: giu 21, 2014 2:17:23pm
Nike Football: giu 20, 2014 5:54:07pm
LE FESTE DI GNEVI..: giu 18, 2014 5:24:21pm
Puddu's Kingdom: giu 12, 2014 6:07:06pm
AlexMagix: giu 12, 2014 5:34:15pm
Belli Freschi: giu 11, 2014 6:37:10pm
Mario Balotelli - Official: giu 11, 2014 3:41:51pm
Parties&Leisure: giu 08, 2014 5:37:12pm
8FACT: giu 08, 2014 1:22:26pm
9GAG TV: giu 08, 2014 1:21:21pm
Most Craziest Peoples In the World: giu 08, 2014 1:20:12pm
KLOSE dell'altro mondo: giu 07, 2014 6:37:19pm
Ninja Academy: giu 07, 2014 2:22:44pm
Antonella cake design: giu 05, 2014 3:28:53pm
Sono pazzo per il calcio: giu 05, 2014 3:28:25pm
Cucina..Passione e Divertimento: giu 05, 2014 2:39:31pm
Passione Bijour: giu 05, 2014 2:38:37pm
La Vegana Siciliana: giu 05, 2014 1:56:32pm
Calzedonia Belluno: giu 05, 2014 1:22:22pm
Pupi di Cernit: giu 05, 2014 1:01:57pm
Campioni & Tester: giu 05, 2014 12:56:08pm
Testare e recensire con una blogger: giu 05, 2014 12:44:43pm
Privatimmobiliaresardegna: giu 05, 2014 11:14:45am
Focus: giu 02, 2014 2:40:06pm
Creative Instructions: giu 01, 2014 2:18:58pm
Mice & More Events: mag 29, 2014 3:26:28pm
Steve Marini: mag 28, 2014 5:16:37pm
Milano sparita e da ricordare: mag 27, 2014 10:36:41am
Giorgio Moroder: mag 18, 2014 6:37:58pm
C'è qualquadra che non cosa.: mag 09, 2014 10:56:31pm
Tech Fanpage: mag 09, 2014 9:53:36am
Scienze Fanpage: mag 06, 2014 8:20:15pm
Juve Merda: mag 06, 2014 8:19:15pm
Gli Autogol: mag 06, 2014 6:33:07pm
IFLScience: mag 04, 2014 3:46:53pm
Darlin Magazine: apr 28, 2014 11:00:12am
Vignette Stupide.: apr 23, 2014 9:34:54am
Wat: apr 18, 2014 3:32:56pm
The Official Grumpy Cat: apr 17, 2014 4:14:22pm
Gialappa's Band: apr 14, 2014 10:50:43am
Le Talpe: apr 09, 2014 10:55:00am
Il terrone fuori sede: apr 03, 2014 1:38:40pm
Paranormal Zone: apr 02, 2014 3:36:41pm
Teste di Casting: apr 02, 2014 2:28:55pm
Franco e Andrea: apr 02, 2014 12:46:10am
Giulio Golia: apr 02, 2014 12:44:30am
Blowhammer: mar 30, 2014 2:12:28pm
Ninja Marketing: mar 29, 2014 11:24:27am
Hobo: mar 12, 2014 6:18:59pm
High Times: mar 11, 2014 2:56:43pm
MIDO Exhibition: mar 01, 2014 12:27:57pm
DYNAMO: feb 27, 2014 6:59:33pm
Kaká: feb 27, 2014 6:57:09pm
Redman: feb 26, 2014 1:49:15pm
WhatsApp: feb 20, 2014 12:33:27am
NAS: feb 18, 2014 12:24:37pm
FieraMilano: feb 17, 2014 2:11:08pm
DIM MAK: feb 11, 2014 9:35:32pm
Secondotestomale: feb 10, 2014 9:43:34am
L'ignorante: feb 09, 2014 2:30:16pm
KJRadio: feb 07, 2014 3:32:18pm
Scuola calcio Jeff Turner: feb 01, 2014 1:19:32pm
M4SONIC: gen 29, 2014 5:51:44pm
Calcio Merdato: gen 22, 2014 3:35:17pm
Imagenes y Videos Del Año: gen 20, 2014 8:04:50pm
Clarence Seedorf: gen 15, 2014 8:13:16am
ELVIS PRESLEY: gen 11, 2014 1:01:04pm
Daft Punk: gen 11, 2014 1:00:30pm
Jason Statham: gen 11, 2014 12:59:06pm
Marrakech Express: gen 06, 2014 8:43:46pm
Mediterraneo: gen 06, 2014 8:43:33pm
Irina Shayk: gen 03, 2014 10:48:19pm
Southampton FC: gen 03, 2014 10:48:16pm
Mark Wahlberg: gen 03, 2014 10:48:08pm
Calcio Migliaccio Fast and Furious: gen 01, 2014 9:33:13pm
Vogliamo Anna Maria Franzoni su S.O.S Tata: dic 29, 2013 11:34:59am
ISC - Iniziative Sportive E Culturali: nov 14, 2013 1:41:43pm
Accademia Fiera Milano: nov 14, 2013 9:07:41am
Fra909 Tv: nov 05, 2013 7:03:31pm
Arsenal: ott 21, 2013 4:45:28pm
Spinnin' Records: ott 18, 2013 6:11:32pm
Il Galla: ott 09, 2013 11:46:37am
Alfredo Pedullà: ott 05, 2013 1:06:27am
Pato: set 11, 2013 5:38:00am
Armada Music: ago 24, 2013 12:54:37pm
I love Italy: ago 22, 2013 10:51:22am
FilmNuoviStreaming2.com: ago 07, 2013 3:44:50pm
Interisti Nichilisti: lug 30, 2013 5:21:21pm
4play: lug 26, 2013 3:41:50pm
Art of Jonty Hurwitz: lug 24, 2013 12:33:49pm
A different type of Art: lug 23, 2013 11:38:28am
TRND: lug 20, 2013 2:00:37pm
Public Enemy: lug 18, 2013 1:09:00pm
Cazzeggiare: lug 15, 2013 3:52:56pm
Ilkay Gündogan: lug 11, 2013 11:47:23am
EA SPORTS FC: lug 04, 2013 6:18:44am
Chiamarsi Bomber: lug 03, 2013 6:17:13pm
Carl Cox: giu 28, 2013 6:20:34pm
DMAX Italia: giu 23, 2013 12:12:55am
Sónar Festival: giu 14, 2013 2:08:30pm
Barzio: giu 11, 2013 10:21:56am
KOMPLETE: giu 01, 2013 9:08:38pm
NataliaGPhotographer: mag 30, 2013 11:01:27am
Valentino Rossi VR46 Official: mag 29, 2013 11:28:52pm
Marco Reus: mag 29, 2013 4:23:37pm
Pettinarsi come Pandev per fare strage di gnocche: mag 29, 2013 2:31:59pm
Midnite Blaster: mag 28, 2013 4:08:58pm
U.S. Sassuolo: mag 18, 2013 8:23:11pm
Booka Shade: mag 11, 2013 9:37:26am
Solomun (Official): mag 10, 2013 7:48:43pm
Welcome to the Internet: mag 02, 2013 6:28:18pm
Boston George: apr 30, 2013 5:46:44pm
TeamViewer: apr 30, 2013 2:43:51pm
Airbit: apr 30, 2013 1:59:45pm
LOCO DICE: apr 28, 2013 3:55:34pm
O300f Recordings: apr 25, 2013 12:57:13pm
Paco Osuna: apr 19, 2013 4:06:34pm
The Bloody Beetroots: apr 14, 2013 12:42:21pm
Paolo Maldini: apr 10, 2013 12:45:44am
Angry Bastianich: apr 09, 2013 1:31:41pm
Mario Götze: apr 06, 2013 4:41:16pm
Bar Boe: apr 05, 2013 11:17:14pm
PSDM: apr 04, 2013 12:16:49pm
Joseph Capriati: apr 03, 2013 12:09:19pm
Drumcode: apr 03, 2013 12:09:16pm
Alan Fitzpatrick: apr 03, 2013 12:09:13pm
From Our Minds: apr 03, 2013 12:08:16pm
Adam Beyer: apr 03, 2013 12:08:03pm
Blondie Schoolgirl: mar 25, 2013 10:41:12am
Turntable: mar 21, 2013 8:47:39am
A.A.A ( Associazione Afteristi Anonimi ): mar 17, 2013 8:54:55pm
Borussia Dortmund: mar 15, 2013 12:15:45pm
People abbigliamento: mar 12, 2013 2:01:31pm
Il Milanese Imbruttito: mar 10, 2013 9:11:48pm
SoundCloud: mar 10, 2013 7:45:34pm
Pensavo di essere un ornitologo ma alla fine studiavo solo le passere: mar 09, 2013 11:59:15pm
Electric Zoo Festival: mar 09, 2013 9:55:17pm
AIND: feb 24, 2013 2:47:13pm
Mixmag: feb 19, 2013 6:53:18pm
Music Marketing Inc.: feb 10, 2013 5:49:02pm
Skuola.net: feb 03, 2013 4:50:06pm
INFORMAZIONE LIBERA: feb 03, 2013 2:57:39pm
Redman: feb 03, 2013 2:57:21pm
Al Pacino: feb 03, 2013 11:35:42am
1605 - sixteenofive: gen 31, 2013 4:01:02pm
TRAKTOR: gen 29, 2013 2:25:31pm
UMEK: gen 23, 2013 12:07:02pm
Air Jordan: gen 15, 2013 1:50:04pm
Steinberg: gen 10, 2013 6:33:37pm
Ajeje Brazorf: gen 05, 2013 12:36:12pm
I See What You Did There: gen 05, 2013 12:35:28pm
Lino Chiarizia: gen 02, 2013 2:04:19pm
Axel Karakasis: gen 02, 2013 11:52:02am
Platinumloops: dic 27, 2012 11:18:46am
Calcio Fanpage.it: nov 19, 2012 3:42:33pm
Varlio: nov 11, 2012 9:45:04pm
Salvatore Aranzulla: nov 10, 2012 6:28:33pm
CALCIATORI BRUTTI: nov 05, 2012 6:20:49pm
Edoardo Dong-Gangnam Style: ott 23, 2012 6:26:21pm
Il Tutor delle Università: ott 10, 2012 5:12:48pm
L'amoureux Milano: ott 07, 2012 1:43:48pm
Foster Italia pellicole per vetri Hanita Coatings: set 22, 2012 11:20:16pm
Giorgio A. Tsoukalos: set 22, 2012 9:49:14pm
Campero Qt8: set 22, 2012 5:24:32pm
Matador: set 14, 2012 1:14:06pm
Qualcuno volò sul nido del cuculo: set 13, 2012 12:05:34pm
patentati.it: set 12, 2012 11:39:26am
Stephan El Shaarawy: set 08, 2012 2:11:53pm
Caffecaffeshop.com: set 01, 2012 3:16:07pm
Romana Moto: ago 29, 2012 11:32:20am
Tu Non Hai Visto Niente fan club: ago 27, 2012 9:50:29pm
Leo Messi: ago 27, 2012 9:50:22pm
Jordan: ago 26, 2012 11:46:28am
Machete Productions: ago 26, 2012 11:15:23am
Unofficial: Oktoberfest: ago 26, 2012 11:15:19am
Il Ras della Fossa: ago 08, 2012 10:45:51am
IT'S A TRAP!!!: ago 07, 2012 12:50:51pm
Miami Ink: ago 06, 2012 11:19:41am
Hano.it: ago 06, 2012 11:19:30am
Jordan shoes: ago 05, 2012 9:46:12pm
Robert De Niro: ago 05, 2012 12:53:20pm
MadMan: ago 03, 2012 12:33:51pm
SDF Street Dance Fighters: ago 02, 2012 11:56:31am
Le news più strane - notizie.delmondo.info: lug 31, 2012 5:05:48pm
ARROSTICINI: lug 30, 2012 11:48:27am
Babaman: lug 29, 2012 1:45:49pm
truceklan: lug 23, 2012 11:20:18pm
Mark Bavaro: lug 23, 2012 11:10:07pm
Mark Bavaro: lug 23, 2012 11:06:51pm
Bavaro Hostel: lug 23, 2012 11:06:39pm
bavaroCLICK.com: lug 23, 2012 11:06:26pm
C'ho più sonno che sentimenti: lug 22, 2012 1:40:05pm
DAVID "THE KING" RODIGAN: lug 19, 2012 11:18:39am
BARI AI LOV IU: lug 18, 2012 9:04:39pm
Amazon.it: lug 17, 2012 2:24:55pm
Filippo Inzaghi: lug 12, 2012 12:49:40am
K-Club: lug 05, 2012 9:19:37pm
Durex: lug 03, 2012 8:13:02pm
Lucio Battisti: lug 01, 2012 12:13:22pm
Richie Hawtin: lug 01, 2012 12:13:20pm
Pino il Parrucchiere: giu 20, 2012 11:14:22am
Alberto Sordi: giu 15, 2012 11:05:23am
Parco Sempione: giu 14, 2012 5:40:27pm
BIO PARCO!: giu 14, 2012 5:22:06pm
Alcool: giu 14, 2012 4:47:21pm
Robert Lewandowski: giu 13, 2012 4:49:59pm
AMNESIA milano: giu 11, 2012 10:31:32am
Bolavip Soccer: giu 10, 2012 9:59:55pm
Jeremy Clarkson: giu 08, 2012 4:24:17pm
Mamma vado ad Amsterdam a vedere i musei: giu 08, 2012 11:48:01am
Timeline Cover Maker: mag 23, 2012 9:06:24pm
Adam Sandler: mag 23, 2012 8:52:19pm
Ludacris: mag 19, 2012 1:31:22pm
Amsterdam: mag 19, 2012 1:31:19pm
Banksy: mag 19, 2012 1:31:13pm
My Name is Earl: mag 19, 2012 12:38:28pm
Teknival: mag 19, 2012 12:38:15pm
Anguria FanClub: mag 18, 2012 4:32:00pm
Sì,l'ho fatto.: mag 13, 2012 1:56:06pm
deadmau5: mag 10, 2012 3:04:40pm
Chelsea Football Club: apr 30, 2012 7:54:33pm
Pitbull: apr 28, 2012 12:58:33pm
Braciamiancora.com: apr 26, 2012 4:08:30pm
Hogan: apr 26, 2012 2:49:14pm
Dr Dre: apr 26, 2012 2:37:59pm
Ace Ventura: Pet Detective: apr 24, 2012 8:39:02pm
South Park: apr 23, 2012 9:09:06pm
Tanta Roba: apr 19, 2012 9:19:51pm
The Stig: apr 19, 2012 8:40:45pm
Tutti Noi Cittadini di Giovinazzo: apr 15, 2012 11:59:09am
Today.it: apr 11, 2012 8:01:56pm
Memes.: apr 11, 2012 7:19:00pm
Epic Fail & Epic Win: apr 09, 2012 2:28:07pm
Non è un'altra stupida pagina: apr 08, 2012 9:24:45pm
Nicky Romero: apr 08, 2012 3:25:03pm
IERI OGGI DOMANI SOLO E SEMPRE MILAN: apr 08, 2012 12:24:20pm
troppo arrapato di milan: apr 07, 2012 11:08:10am
World Riots: apr 07, 2012 10:23:08am
Ristorante L'Aquarius: apr 06, 2012 12:22:59pm
Tutti in psichiatria.: mar 30, 2012 9:03:08pm
RPG: mar 30, 2012 7:37:32pm
No alla Tessera -Si alla Passera: mar 30, 2012 7:18:17pm
CYBERPUNKERS: mar 28, 2012 11:01:24am
Milano: mar 27, 2012 5:37:57pm
Street Kingz Official Page.: mar 25, 2012 12:23:35pm
EN?GMA: mar 24, 2012 8:55:26pm
Single o Fidanzati ? Scelgo Alcool, Ganja e IML.: mar 22, 2012 9:28:32pm
Jake La Furia: mar 22, 2012 9:27:40pm
''Ciao, come stai?'' , ''Prosciutto.'': mar 22, 2012 9:02:28pm
Australia.com: mar 22, 2012 6:39:30pm
Shaun White: mar 22, 2012 5:00:22pm
Rum & Pera: mar 22, 2012 4:34:51pm
Carl Cox: mar 22, 2012 4:21:19pm
Milanista al 100 %: mar 22, 2012 3:19:11pm
Renato Pozzetto: mar 22, 2012 3:01:13pm
Beats By Dr. Dre: mar 21, 2012 7:32:39pm
Mark van Bommel: mar 20, 2012 5:56:58pm
Futurama: mar 20, 2012 4:21:38pm
Snoop Dogg: mar 20, 2012 4:21:36pm
Fabri Fibra: mar 20, 2012 4:18:46pm
Crookers: mar 20, 2012 4:18:41pm
Travis Barker: mar 20, 2012 4:18:34pm
FIFA 11: mar 19, 2012 9:13:53pm
Ducati: mar 19, 2012 7:19:18pm
Paul Van Dyk: mar 18, 2012 2:51:02pm
Fare sogni erotici sugli amici e poi porsi delle domande.: mar 18, 2012 2:50:12pm
Fear and Loathing in Las Vegas - Paura e delirio a Las Vegas: mar 18, 2012 2:50:06pm
Leggi assurde nel mondo: mar 18, 2012 2:22:40pm
Milan Eterno Amore: mar 18, 2012 11:51:10am
Platone: mar 18, 2012 11:49:11am
Gatti: mar 15, 2012 3:38:38pm
FL Studio: mar 15, 2012 2:48:29pm
UEFA Champions League: mar 13, 2012 7:08:39pm
Curva sud milano: mar 11, 2012 5:48:48pm
Bassi Maestro: mar 11, 2012 10:52:50am
Angerfist: mar 10, 2012 12:12:05pm
Io. . . Sono tua Madre: mar 07, 2012 3:11:28pm
Salmo: mar 02, 2012 7:16:15pm
Zlatan Ibrahimović: feb 29, 2012 12:13:15pm
Motta, Lombardia, Italy: feb 29, 2012 10:24:17am
Assenzio: feb 28, 2012 4:36:03pm
Reloveution: feb 25, 2012 7:30:17pm
Lista Fly: feb 24, 2012 3:15:34pm
Basto: feb 24, 2012 1:38:04pm
Finchè fuori non è giorno io a casa non ritorno.: feb 17, 2012 7:29:35pm
Christian Abbiati: feb 13, 2012 3:29:17pm
Ok, il commento è giusto: feb 12, 2012 8:44:42am
Mike Painter 5tet & Viola Road: feb 09, 2012 8:26:45pm
Alaska: feb 04, 2012 10:02:35am
Siberia: feb 04, 2012 9:59:31am
Taekwondo: feb 02, 2012 8:44:28pm
Viaggio Mentale: feb 02, 2012 3:39:40pm
Le Più Belle Citazioni di Tupac: feb 02, 2012 3:37:10pm
Eri a conoscenza che: feb 02, 2012 1:50:20pm
Fare scelte di vita sotto la doccia: feb 01, 2012 7:53:36pm
Avicii: feb 01, 2012 4:47:34pm
Bear Grylls: feb 01, 2012 4:47:24pm
DNAMILAN: feb 01, 2012 4:35:52pm
Paul Kalkbrenner: feb 01, 2012 4:35:41pm
Pan di Stelle: feb 01, 2012 4:21:11pm
300: feb 01, 2012 2:34:21pm
Ingegner Cane: gen 31, 2012 9:25:42pm
JuVENTINOVErme.com: gen 31, 2012 8:35:15pm
Eddie Murphy: gen 31, 2012 6:37:51pm
Cypress Hill: gen 31, 2012 5:01:46pm
Narghilè: gen 31, 2012 5:01:39pm
New Era Cap: gen 31, 2012 5:01:32pm
Tiësto: gen 31, 2012 3:21:31pm
la sigaretta di jigen: gen 30, 2012 3:15:47pm
Sabato sera: gen 29, 2012 8:28:23pm
Francesco Hayez: gen 28, 2012 12:05:20pm
GanjaFriend: gen 26, 2012 3:27:10pm
WhatsApp: gen 25, 2012 9:13:41pm
Istituto per esauriti MEUCCI: gen 24, 2012 12:19:41pm
Armin van Buuren: gen 23, 2012 5:39:26pm
Noi Degli Anni '90: gen 22, 2012 11:21:09am
Beats by Dre: gen 21, 2012 6:45:44pm
Cash: gen 21, 2012 1:23:45pm
Cristiano Ronaldo: gen 19, 2012 7:24:47pm
Neymar Jr.: gen 19, 2012 7:24:42pm
I Cellulari hanno dei nomi propri !Scopri come si chiama il tuo: gen 17, 2012 7:36:48pm
E' tagghiamoci: gen 17, 2012 6:00:41pm
Italy: gen 17, 2012 2:48:17pm
Silvio Berlusconi: gen 17, 2012 2:48:10pm
2PAC: gen 08, 2012 2:31:56pm
Skrillex: gen 08, 2012 1:23:33pm
Beardowear: gen 07, 2012 8:31:47pm
Il Giornale d'Italia: gen 03, 2012 8:28:20pm
Figure di M: gen 03, 2012 8:28:10pm
Ubriachi che accusano altri ubriachi di essere ubriachi: dic 28, 2011 1:55:42pm
Figli di strada.: dic 26, 2011 8:39:07pm
Le assurdità di GTA.: dic 26, 2011 8:39:06pm
I cruciverba di Claudio Batta.: dic 26, 2011 8:39:03pm
Clipposo: dic 24, 2011 12:32:42pm
Come fare il simbolo Trollface: dic 24, 2011 11:56:38am
PawA (Official): dic 23, 2011 12:03:08pm
Fanpage.it: dic 09, 2011 1:45:09pm
JOINT: dic 08, 2011 11:16:41am
Tuta Dell'adidasss: dic 05, 2011 6:06:14pm
ScuolaZoo: dic 04, 2011 11:31:40am
Boston Celtics: dic 01, 2011 5:05:43pm
Paul Pierce: dic 01, 2011 4:59:22pm
How High: nov 19, 2011 1:50:25pm
Club Dogo: nov 09, 2011 11:36:47am
Le frasi più belle di Colorado & Zelig.: nov 06, 2011 12:40:23pm
CRISTIAN MARCHI: nov 04, 2011 10:41:37pm
Ahah! Questa fa ridere: nov 03, 2011 9:04:00pm
Jim Carrey: nov 02, 2011 8:50:11pm
Biribulz: nov 01, 2011 12:21:36pm
Piccol: ott 31, 2011 6:14:15pm
Everything;: ott 31, 2011 12:56:46pm
Stan Smith: ott 26, 2011 6:34:17pm
American Dad: ott 26, 2011 6:32:31pm
Paolo Bitta: ott 26, 2011 5:14:00pm
Save the Tiger: ott 22, 2011 12:12:01pm
Tigri: ott 22, 2011 12:08:43pm
«Fatti più in là » - «Fatti più in là tu!» - «Porcodio t'ammazzo!»: ott 21, 2011 2:57:55pm
Angry Birds: ott 20, 2011 7:50:57pm
Foot Locker Europe: ott 20, 2011 5:16:02pm
Una Pallonata al Giorno: ott 19, 2011 2:32:34pm
Cose fare a Roma oggi: ott 19, 2011 2:32:33pm
Streamit: ott 19, 2011 2:32:33pm
Vin Diesel: ott 18, 2011 7:24:57pm
booster bw's: ott 14, 2011 9:05:05pm
The Game: ott 14, 2011 4:15:44pm
Berlin – the place to be: ott 11, 2011 7:09:08pm
~ Vita di P E R I F E R I A .: ott 11, 2011 2:34:30pm
Martini: ott 02, 2011 2:09:35pm
Sven Väth: ago 24, 2011 12:31:56pm
Time Warp: ago 24, 2011 12:14:04pm
Empires & Allies (Italiano): ago 13, 2011 12:48:49pm
Cova d'en Xoroi Menorca: ago 12, 2011 9:24:43pm
Paura e delirio a Las Vegas: lug 19, 2011 2:05:36pm
Time Warp: lug 19, 2011 2:05:35pm
Milan - Tutte le news: lug 06, 2011 6:42:17pm
Milano: lug 06, 2011 6:22:50pm
AC Milan: lug 05, 2011 9:43:07pm
Barney Stinson: giu 29, 2011 7:15:04pm








